flight_no,fare_conditions,extra_space,array_agg,min,max
PG0012,Economy,false,{12300},12300,12300
PG0012,Economy,true,{13500},13500,13500
PG0013,Business,false,{42100},42100,42100
PG0013,Comfort,false,{23900},23900,23900
PG0013,Economy,false,{14000},14000,14000
PG0013,Economy,true,{15400},15400,15400
PG0014,Business,false,{9800},9800,9800
PG0014,Economy,false,{3300},3300,3300
PG0014,Economy,true,{3600},3600,3600
PG0015,Economy,false,{18700},18700,18700
PG0015,Economy,true,{20600},20600,20600
PG0016,Economy,false,{18700},18700,18700
PG0016,Economy,true,{20600},20600,20600
PG0019,Economy,false,{9500},9500,9500
PG0019,Economy,true,{10500},10500,10500
PG0020,Economy,false,{9500},9500,9500
PG0020,Economy,true,{10500},10500,10500
PG0029,Economy,false,{5300},5300,5300
PG0030,Economy,false,{5300},5300,5300
PG0032,Economy,false,{5300},5300,5300
PG0035,Economy,false,{8700},8700,8700
PG0038,Economy,false,{8700},8700,8700
PG0039,Business,false,{9700},9700,9700
PG0039,Economy,false,{3200},3200,3200
PG0039,Economy,true,{3500},3500,3500
PG0040,Business,false,{9700},9700,9700
PG0040,Economy,false,{3200},3200,3200
PG0040,Economy,true,{3500},3500,3500
PG0041,Economy,false,{20900},20900,20900
PG0041,Economy,true,{23000},23000,23000
PG0042,Economy,false,{23600},23600,23600
PG0042,Economy,true,{26000},26000,26000
PG0043,Economy,false,{9900},9900,9900
PG0043,Economy,true,{10900},10900,10900
PG0044,Economy,false,{9900},9900,9900
PG0044,Economy,true,{10900},10900,10900
PG0045,Economy,false,{14600},14600,14600
PG0045,Economy,true,{16100},16100,16100
PG0046,Economy,false,{14600},14600,14600
PG0046,Economy,true,{16100},16100,16100
PG0049,Economy,false,{12300},12300,12300
PG0049,Economy,true,{13500},13500,13500
PG0050,Economy,false,{7200},7200,7200
PG0050,Economy,true,{7900},7900,7900
PG0051,Economy,false,{7200},7200,7200
PG0051,Economy,true,{7900},7900,7900
PG0052,Economy,false,{19300},19300,19300
PG0052,Economy,true,{21300},21300,21300
PG0053,Economy,false,{19300},19300,19300
PG0053,Economy,true,{21300},21300,21300
PG0055,Economy,false,{3700},3700,3700
PG0056,Economy,false,{3700},3700,3700
PG0059,Economy,false,{7100},7100,7100
PG0061,Economy,false,{7100},7100,7100
PG0062,Economy,false,{5400},5400,5400
PG0062,Economy,true,{5900},5900,5900
PG0063,Economy,false,{5400},5400,5400
PG0063,Economy,true,{5900},5900,5900
PG0064,Business,false,{133200},133200,133200
PG0064,Economy,false,{44400},44400,44400
PG0064,Economy,true,{48800},48800,48800
PG0065,Business,false,{133200},133200,133200
PG0065,Economy,false,{44400},44400,44400
PG0065,Economy,true,{48800},48800,48800
PG0066,Economy,false,{12500},12500,12500
PG0066,Economy,true,{13800},13800,13800
PG0067,Economy,false,{12500},12500,12500
PG0067,Economy,true,{13800},13800,13800
PG0070,Economy,false,{4900},4900,4900
PG0071,Economy,false,{4900},4900,4900
PG0072,Business,false,{87300},87300,87300
PG0072,Economy,false,{29100},29100,29100
PG0072,Economy,true,{32000},32000,32000
PG0073,Business,false,{105400},105400,105400
PG0073,Economy,false,{35100},35100,35100
PG0073,Economy,true,{38600},38600,38600
PG0077,Economy,false,{4400},4400,4400
PG0079,Economy,false,{4400},4400,4400
PG0087,Business,false,{92200},92200,92200
PG0087,Economy,false,{30700},30700,30700
PG0087,Economy,true,{33800},33800,33800
PG0088,Business,false,{92200},92200,92200
PG0088,Economy,false,{30700},30700,30700
PG0088,Economy,true,{33800},33800,33800
PG0089,Business,false,{48400},48400,48400
PG0089,Economy,false,{16100},16100,16100
PG0089,Economy,true,{17800},17800,17800
PG0090,Business,false,{48400},48400,48400
PG0090,Economy,false,{16100},16100,16100
PG0090,Economy,true,{17800},17800,17800
PG0093,Economy,false,{15300},15300,15300
PG0093,Economy,true,{16800},16800,16800
PG0094,Economy,false,{15300},15300,15300
PG0094,Economy,true,{16800},16800,16800
PG0095,Business,false,{50000},50000,50000
PG0095,Economy,false,{16700},16700,16700
PG0095,Economy,true,{18300},18300,18300
PG0096,Business,false,{50000},50000,50000
PG0096,Economy,false,{16700},16700,16700
PG0096,Economy,true,{18300},18300,18300
PG0097,Economy,false,{11200},11200,11200
PG0098,Economy,false,{11200},11200,11200
PG0101,Economy,false,{20900},20900,20900
PG0101,Economy,true,{23000},23000,23000
PG0106,Business,false,{21500},21500,21500
PG0106,Economy,false,{7200},7200,7200
PG0106,Economy,true,{7900},7900,7900
PG0107,Business,false,{21500},21500,21500
PG0107,Economy,false,{7200},7200,7200
PG0107,Economy,true,{7900},7900,7900
PG0108,Business,false,{201300},201300,201300
PG0108,Economy,false,{67100},67100,67100
PG0108,Economy,true,{73800},73800,73800
PG0109,Business,false,{201300},201300,201300
PG0109,Economy,false,{67100},67100,67100
PG0109,Economy,true,{73800},73800,73800
PG0110,Economy,false,{9400},9400,9400
PG0110,Economy,true,{10400},10400,10400
PG0111,Economy,false,{9400},9400,9400
PG0111,Economy,true,{10400},10400,10400
PG0112,Economy,false,{15500},15500,15500
PG0112,Economy,true,{17000},17000,17000
PG0113,Economy,false,{15500},15500,15500
PG0113,Economy,true,{17000},17000,17000
PG0114,Economy,false,{23600},23600,23600
PG0114,Economy,true,{26000},26000,26000
PG0115,Business,false,{18000},18000,18000
PG0115,Economy,false,{6000},6000,6000
PG0115,Economy,true,{6600},6600,6600
PG0116,Business,false,{18000},18000,18000
PG0116,Economy,false,{6000},6000,6000
PG0116,Economy,true,{6600},6600,6600
PG0117,Business,false,{87300},87300,87300
PG0117,Economy,false,{29100},29100,29100
PG0117,Economy,true,{32000},32000,32000
PG0118,Business,false,{16100},16100,16100
PG0118,Economy,false,{5400},5400,5400
PG0118,Economy,true,{5900},5900,5900
PG0119,Business,false,{16100},16100,16100
PG0119,Economy,false,{5400},5400,5400
PG0119,Economy,true,{5900},5900,5900
PG0120,Business,false,{124600},124600,124600
PG0120,Economy,false,{41500},41500,41500
PG0120,Economy,true,{45700},45700,45700
PG0121,Business,false,{124600},124600,124600
PG0121,Economy,false,{41500},41500,41500
PG0121,Economy,true,{45700},45700,45700
PG0123,Economy,false,{12300},12300,12300
PG0123,Economy,true,{13600},13600,13600
PG0124,Business,false,{86000},86000,86000
PG0124,Economy,false,{28700},28700,28700
PG0124,Economy,true,{31500},31500,31500
PG0125,Business,false,{86000},86000,86000
PG0125,Economy,false,{28700},28700,28700
PG0125,Economy,true,{31500},31500,31500
PG0126,Economy,false,{19700},19700,19700
PG0126,Economy,true,{21600},21600,21600
PG0127,Economy,false,{19700},19700,19700
PG0127,Economy,true,{21600},21600,21600
PG0128,Economy,false,{13000},13000,13000
PG0128,Economy,true,{14300},14300,14300
PG0129,Economy,false,{13000},13000,13000
PG0129,Economy,true,{14300},14300,14300
PG0132,Economy,false,{10500},10500,10500
PG0132,Economy,true,{11500},11500,11500
PG0133,Economy,false,{10500},10500,10500
PG0133,Economy,true,{11500},11500,11500
PG0134,Business,false,{115000},115000,115000
PG0134,Economy,false,{38300},38300,38300
PG0134,Economy,true,{42200},42200,42200
PG0135,Business,false,{115000},115000,115000
PG0135,Economy,false,{38300},38300,38300
PG0135,Economy,true,{42200},42200,42200
PG0136,Economy,false,{13900},13900,13900
PG0136,Economy,true,{15200},15200,15200
PG0137,Economy,false,{13900},13900,13900
PG0137,Economy,true,{15200},15200,15200
PG0138,Economy,false,{7500},7500,7500
PG0138,Economy,true,{8200},8200,8200
PG0139,Economy,false,{7500},7500,7500
PG0139,Economy,true,{8200},8200,8200
PG0140,Business,false,{144300},144300,144300
PG0140,Economy,false,{48100},48100,48100
PG0140,Economy,true,{52900},52900,52900
PG0141,Business,false,{144300},144300,144300
PG0141,Economy,false,{48100},48100,48100
PG0141,Economy,true,{52900},52900,52900
PG0142,Business,false,{86800},86800,86800
PG0142,Economy,false,{28900},28900,28900
PG0142,Economy,true,{31800},31800,31800
PG0143,Business,false,{86800},86800,86800
PG0143,Economy,false,{28900},28900,28900
PG0143,Economy,true,{31800},31800,31800
PG0144,Business,false,{203300},203300,203300
PG0144,Economy,false,{67800},67800,67800
PG0144,Economy,true,{74500},74500,74500
PG0145,Business,false,{203300},203300,203300
PG0145,Economy,false,{67800},67800,67800
PG0145,Economy,true,{74500},74500,74500
PG0146,Business,false,{44200},44200,44200
PG0146,Economy,false,{14700},14700,14700
PG0146,Economy,true,{16200},16200,16200
PG0147,Business,false,{44200},44200,44200
PG0147,Economy,false,{14700},14700,14700
PG0147,Economy,true,{16200},16200,16200
PG0148,Economy,false,{3100},3100,3100
PG0148,Economy,true,{3400},3400,3400
PG0149,Economy,false,{3100},3100,3100
PG0149,Economy,true,{3400},3400,3400
PG0150,Business,false,{12000},12000,12000
PG0150,Economy,false,{4000},4000,4000
PG0150,Economy,true,{4400},4400,4400
PG0151,Business,false,{12000},12000,12000
PG0151,Economy,false,{4000},4000,4000
PG0151,Economy,true,{4400},4400,4400
PG0152,Business,false,{43300},43300,43300
PG0152,Economy,false,{14400},14400,14400
PG0152,Economy,true,{15900},15900,15900
PG0153,Business,false,{43300},43300,43300
PG0153,Economy,false,{14400},14400,14400
PG0153,Economy,true,{15900},15900,15900
PG0154,Economy,false,{15500},15500,15500
PG0154,Economy,true,{17100},17100,17100
PG0155,Economy,false,{15500},15500,15500
PG0155,Economy,true,{17100},17100,17100
PG0156,Economy,false,{24900},24900,24900
PG0156,Economy,true,{27400},27400,27400
PG0157,Economy,false,{24900},24900,24900
PG0157,Economy,true,{27400},27400,27400
PG0158,Business,false,{11100},11100,11100
PG0158,Economy,false,{3700},3700,3700
PG0158,Economy,true,{4100},4100,4100
PG0159,Business,false,{11100},11100,11100
PG0159,Economy,false,{3700},3700,3700
PG0159,Economy,true,{4100},4100,4100
PG0162,Business,false,{11100},11100,11100
PG0162,Economy,false,{3700},3700,3700
PG0162,Economy,true,{4100},4100,4100
PG0163,Business,false,{11100},11100,11100
PG0163,Economy,false,{3700},3700,3700
PG0163,Economy,true,{4100},4100,4100
PG0164,Business,false,{70400},70400,70400
PG0164,Economy,false,{23500},23500,23500
PG0164,Economy,true,{25800},25800,25800
PG0165,Business,false,{70400},70400,70400
PG0165,Economy,false,{23500},23500,23500
PG0165,Economy,true,{25800},25800,25800
PG0166,Economy,false,{4000},4000,4000
PG0166,Economy,true,{4300},4300,4300
PG0167,Economy,false,{4000},4000,4000
PG0167,Economy,true,{4300},4300,4300
PG0168,Business,false,{199800},199800,199800
PG0168,Economy,false,{66600},66600,66600
PG0168,Economy,true,{73200},73200,73200
PG0169,Business,false,{199800},199800,199800
PG0169,Economy,false,{66600},66600,66600
PG0169,Economy,true,{73200},73200,73200
PG0172,Economy,false,{13500},13500,13500
PG0172,Economy,true,{14800},14800,14800
PG0173,Economy,false,{13500},13500,13500
PG0173,Economy,true,{14800},14800,14800
PG0174,Business,false,{27800},27800,27800
PG0174,Economy,false,{9300},9300,9300
PG0174,Economy,true,{10200},10200,10200
PG0175,Business,false,{27800},27800,27800
PG0175,Economy,false,{9300},9300,9300
PG0175,Economy,true,{10200},10200,10200
PG0176,Economy,false,{6300},6300,6300
PG0176,Economy,true,{7000},7000,7000
PG0177,Economy,false,{6300},6300,6300
PG0177,Economy,true,{7000},7000,7000
PG0178,Business,false,{11900},11900,11900
PG0178,Economy,false,{4000},4000,4000
PG0178,Economy,true,{4400},4400,4400
PG0181,Business,false,{11900},11900,11900
PG0181,Economy,false,{4000},4000,4000
PG0181,Economy,true,{4400},4400,4400
PG0184,Business,false,{41200},41200,41200
PG0184,Economy,false,{13700},13700,13700
PG0184,Economy,true,{15100},15100,15100
PG0185,Business,false,{41200},41200,41200
PG0185,Economy,false,{13700},13700,13700
PG0185,Economy,true,{15100},15100,15100
PG0186,Business,false,{49700},49700,49700
PG0186,Economy,false,{16600},16600,16600
PG0186,Economy,true,{18200},18200,18200
PG0187,Business,false,{49700},49700,49700
PG0187,Economy,false,{16600},16600,16600
PG0187,Economy,true,{18200},18200,18200
PG0188,Economy,false,{20300},20300,20300
PG0188,Economy,true,{22400},22400,22400
PG0189,Economy,false,{20300},20300,20300
PG0189,Economy,true,{22400},22400,22400
PG0196,Business,false,{33000},33000,33000
PG0196,Economy,false,{11000},11000,11000
PG0196,Economy,true,{12100},12100,12100
PG0197,Business,false,{33000},33000,33000
PG0197,Economy,false,{11000},11000,11000
PG0197,Economy,true,{12100},12100,12100
PG0198,Business,false,{132900},132900,132900
PG0198,Economy,false,{44300},44300,44300
PG0198,Economy,true,{48700},48700,48700
PG0199,Business,false,{132900},132900,132900
PG0199,Economy,false,{44300},44300,44300
PG0199,Economy,true,{48700},48700,48700
PG0200,Business,false,{193100},193100,193100
PG0200,Economy,false,{64400},64400,64400
PG0200,Economy,true,{70800},70800,70800
PG0201,Business,false,{193100},193100,193100
PG0201,Economy,false,{64400},64400,64400
PG0201,Economy,true,{70800},70800,70800
PG0202,Business,false,{21500},21500,21500
PG0202,Economy,false,{7200},7200,7200
PG0202,Economy,true,{7900},7900,7900
PG0203,Business,false,{21500},21500,21500
PG0203,Economy,false,{7200},7200,7200
PG0203,Economy,true,{7900},7900,7900
PG0204,Economy,false,{6300},6300,6300
PG0207,Economy,false,{6300},6300,6300
PG0208,Business,false,{184500},184500,184500
PG0208,Economy,false,{61500},61500,61500
PG0208,Economy,true,{67700},67700,67700
PG0209,Business,false,{184500},184500,184500
PG0209,Economy,false,{61500},61500,61500
PG0209,Economy,true,{67700},67700,67700
PG0210,Business,false,{38900},38900,38900
PG0210,Economy,false,{13000},13000,13000
PG0210,Economy,true,{14300},14300,14300
PG0211,Business,false,{38900},38900,38900
PG0211,Economy,false,{13000},13000,13000
PG0211,Economy,true,{14300},14300,14300
PG0212,Business,false,{27500},27500,27500
PG0212,Economy,false,{9200},9200,9200
PG0212,Economy,true,{10100},10100,10100
PG0214,Business,false,{27500},27500,27500
PG0214,Economy,false,{9200},9200,9200
PG0214,Economy,true,{10100},10100,10100
PG0215,Business,false,{27500},27500,27500
PG0215,Economy,false,{9200},9200,9200
PG0215,Economy,true,{10100},10100,10100
PG0216,Business,false,{24500},24500,24500
PG0216,Economy,false,{8200},8200,8200
PG0216,Economy,true,{9000},9000,9000
PG0217,Business,false,{24500},24500,24500
PG0217,Economy,false,{8200},8200,8200
PG0217,Economy,true,{9000},9000,9000
PG0218,Business,false,{111600},111600,111600
PG0218,Economy,false,{37200},37200,37200
PG0218,Economy,true,{40900},40900,40900
PG0219,Business,false,{111600},111600,111600
PG0219,Economy,false,{37200},37200,37200
PG0219,Economy,true,{40900},40900,40900
PG0220,Business,false,{34700},34700,34700
PG0220,Economy,false,{11600},11600,11600
PG0220,Economy,true,{12700},12700,12700
PG0221,Business,false,{34700},34700,34700
PG0221,Economy,false,{11600},11600,11600
PG0221,Economy,true,{12700},12700,12700
PG0222,Business,false,{83700},83700,83700
PG0222,Comfort,false,{47400},47400,47400
PG0222,Economy,false,{27900},27900,27900
PG0222,Economy,true,{30700},30700,30700
PG0223,Business,false,{83700},83700,83700
PG0223,Comfort,false,{47400},47400,47400
PG0223,Economy,false,{27900},27900,27900
PG0223,Economy,true,{30700},30700,30700
PG0224,Business,false,{42100},42100,42100
PG0224,Comfort,false,{23900},23900,23900
PG0224,Economy,false,{14000},14000,14000
PG0224,Economy,true,{15400},15400,15400
PG0225,Business,false,{43100},43100,43100
PG0225,Comfort,false,{24400},24400,24400
PG0225,Economy,false,{14400},14400,14400
PG0225,Economy,true,{15800},15800,15800
PG0226,Business,false,{43100},43100,43100
PG0226,Comfort,false,{24400},24400,24400
PG0226,Economy,false,{14400},14400,14400
PG0226,Economy,true,{15800},15800,15800
PG0227,Business,false,{18800},18800,18800
PG0227,Economy,false,{6300},6300,6300
PG0227,Economy,true,{6900},6900,6900
PG0228,Business,false,{18800},18800,18800
PG0228,Economy,false,{6300},6300,6300
PG0228,Economy,true,{6900},6900,6900
PG0230,Business,false,{18800},18800,18800
PG0230,Economy,false,{6300},6300,6300
PG0230,Economy,true,{6900},6900,6900
PG0231,Business,false,{18800},18800,18800
PG0231,Economy,false,{6300},6300,6300
PG0231,Economy,true,{6900},6900,6900
PG0232,Business,false,{18800},18800,18800
PG0232,Economy,false,{6300},6300,6300
PG0232,Economy,true,{6900},6900,6900
PG0233,Business,false,{9900},9900,9900
PG0233,Economy,false,{3300},3300,3300
PG0233,Economy,true,{3600},3600,3600
PG0237,Business,false,{9900},9900,9900
PG0237,Economy,false,{3300},3300,3300
PG0237,Economy,true,{3600},3600,3600
PG0239,Business,false,{57200},57200,57200
PG0239,Economy,false,{19100},19100,19100
PG0239,Economy,true,{21000},21000,21000
PG0240,Business,false,{57200},57200,57200
PG0240,Economy,false,{19100},19100,19100
PG0240,Economy,true,{21000},21000,21000
PG0241,Business,false,{18500},18500,18500
PG0241,Economy,false,{6200},6200,6200
PG0241,Economy,true,{6800},6800,6800
PG0242,Business,false,{18500},18500,18500
PG0242,Economy,false,{6200},6200,6200
PG0242,Economy,true,{6800},6800,6800
PG0243,Business,false,{145300},145300,145300
PG0243,Economy,false,{48400},48400,48400
PG0243,Economy,true,{53300},53300,53300
PG0244,Business,false,{145300},145300,145300
PG0244,Economy,false,{48400},48400,48400
PG0244,Economy,true,{53300},53300,53300
PG0247,Economy,false,{14500},14500,14500
PG0247,Economy,true,{15900},15900,15900
PG0248,Economy,false,{14500},14500,14500
PG0248,Economy,true,{15900},15900,15900
PG0249,Economy,false,{12100},12100,12100
PG0249,Economy,true,{13300},13300,13300
PG0250,Economy,false,{12100},12100,12100
PG0250,Economy,true,{13300},13300,13300
PG0251,Business,false,{36600},36600,36600
PG0251,Economy,false,{12200},12200,12200
PG0251,Economy,true,{13400},13400,13400
PG0252,Business,false,{36600},36600,36600
PG0252,Economy,false,{12200},12200,12200
PG0252,Economy,true,{13400},13400,13400
PG0253,Economy,false,{3100},3100,3100
PG0253,Economy,true,{3400},3400,3400
PG0254,Economy,false,{3100},3100,3100
PG0254,Economy,true,{3400},3400,3400
PG0255,Business,false,{185300},185300,185300
PG0255,Economy,false,{61800},61800,61800
PG0255,Economy,true,{67900},67900,67900
PG0256,Business,false,{185300},185300,185300
PG0256,Economy,false,{61800},61800,61800
PG0257,Economy,false,{6600},6600,6600
PG0257,Economy,true,{7300},7300,7300
PG0258,Economy,false,{6600},6600,6600
PG0258,Economy,true,{7300},7300,7300
PG0259,Economy,false,{17800},17800,17800
PG0259,Economy,true,{19500},19500,19500
PG0260,Economy,false,{17800},17800,17800
PG0260,Economy,true,{19500},19500,19500
PG0261,Economy,false,{12700},12700,12700
PG0261,Economy,true,{14000},14000,14000
PG0262,Economy,false,{12700},12700,12700
PG0262,Economy,true,{14000},14000,14000
PG0264,Economy,false,{6600},6600,6600
PG0265,Economy,false,{6600},6600,6600
PG0269,Economy,false,{22600},22600,22600
PG0269,Economy,true,{24900},24900,24900
PG0270,Economy,false,{22600},22600,22600
PG0270,Economy,true,{24900},24900,24900
PG0273,Business,false,{44500},44500,44500
PG0273,Economy,false,{14800},14800,14800
PG0273,Economy,true,{16300},16300,16300
PG0274,Business,false,{44500},44500,44500
PG0274,Economy,false,{14800},14800,14800
PG0274,Economy,true,{16300},16300,16300
PG0275,Economy,false,{25700},25700,25700
PG0275,Economy,true,{28200},28200,28200
PG0276,Economy,false,{25700},25700,25700
PG0276,Economy,true,{28200},28200,28200
PG0277,Business,false,{84000},84000,84000
PG0277,Comfort,false,{47600},47600,47600
PG0277,Economy,false,{28000},28000,28000
PG0277,Economy,true,{30800},30800,30800
PG0278,Business,false,{84000},84000,84000
PG0278,Comfort,false,{47600},47600,47600
PG0278,Economy,false,{28000},28000,28000
PG0278,Economy,true,{30800},30800,30800
PG0283,Economy,false,{7400},7400,7400
PG0283,Economy,true,{8200},8200,8200
PG0284,Economy,false,{7400},7400,7400
PG0284,Economy,true,{8200},8200,8200
PG0285,Business,false,{32800},32800,32800
PG0285,Economy,false,{10900},10900,10900
PG0285,Economy,true,{12000},12000,12000
PG0286,Business,false,{32800},32800,32800
PG0286,Economy,false,{10900},10900,10900
PG0286,Economy,true,{12000},12000,12000
PG0287,Economy,false,{8900},8900,8900
PG0287,Economy,true,{9800},9800,9800
PG0288,Economy,false,{8900},8900,8900
PG0288,Economy,true,{9800},9800,9800
PG0289,Economy,false,{19000},19000,19000
PG0289,Economy,true,{20900},20900,20900
PG0290,Economy,false,{19000},19000,19000
PG0290,Economy,true,{20900},20900,20900
PG0291,Business,false,{69700},69700,69700
PG0291,Economy,false,{23200},23200,23200
PG0291,Economy,true,{25600},25600,25600
PG0292,Business,false,{69700},69700,69700
PG0292,Economy,false,{23200},23200,23200
PG0292,Economy,true,{25600},25600,25600
PG0296,Business,false,{9100},9100,9100
PG0296,Economy,false,{3000},3000,3000
PG0296,Economy,true,{3300},3300,3300
PG0297,Business,false,{9100},9100,9100
PG0297,Economy,false,{3000},3000,3000
PG0297,Economy,true,{3300},3300,3300
PG0298,Business,false,{9100},9100,9100
PG0298,Economy,false,{3000},3000,3000
PG0298,Economy,true,{3300},3300,3300
PG0299,Economy,false,{11700},11700,11700
PG0300,Economy,false,{11700},11700,11700
PG0301,Business,false,{51100},51100,51100
PG0301,Economy,false,{17000},17000,17000
PG0301,Economy,true,{18700},18700,18700
PG0302,Business,false,{51100},51100,51100
PG0302,Economy,false,{17000},17000,17000
PG0302,Economy,true,{18700},18700,18700
PG0303,Business,false,{26400},26400,26400
PG0303,Economy,false,{8800},8800,8800
PG0303,Economy,true,{9700},9700,9700
PG0304,Business,false,{26400},26400,26400
PG0304,Economy,false,{8800},8800,8800
PG0304,Economy,true,{9700},9700,9700
PG0305,Business,false,{36600},36600,36600
PG0305,Economy,false,{12200},12200,12200
PG0305,Economy,true,{13400},13400,13400
PG0306,Business,false,{36600},36600,36600
PG0306,Economy,false,{12200},12200,12200
PG0306,Economy,true,{13400},13400,13400
PG0307,Business,false,{11300},11300,11300
PG0307,Economy,false,{3800},3800,3800
PG0307,Economy,true,{4100},4100,4100
PG0308,Business,false,{11300},11300,11300
PG0308,Economy,false,{3800},3800,3800
PG0308,Economy,true,{4100},4100,4100
PG0309,Economy,false,{24700},24700,24700
PG0309,Economy,true,{27100},27100,27100
PG0310,Economy,false,{24700},24700,24700
PG0310,Economy,true,{27100},27100,27100
PG0311,Business,false,{61300},61300,61300
PG0311,Economy,false,{20400},20400,20400
PG0311,Economy,true,{22500},22500,22500
PG0312,Business,false,{61300},61300,61300
PG0312,Economy,false,{20400},20400,20400
PG0312,Economy,true,{22500},22500,22500
PG0317,Business,false,{29500},29500,29500
PG0317,Economy,false,{9800},9800,9800
PG0317,Economy,true,{10800},10800,10800
PG0318,Business,false,{29500},29500,29500
PG0318,Economy,false,{9800},9800,9800
PG0318,Economy,true,{10800},10800,10800
PG0319,Business,false,{52900},52900,52900
PG0319,Economy,false,{17600},17600,17600
PG0319,Economy,true,{19400},19400,19400
PG0320,Business,false,{52900},52900,52900
PG0320,Economy,false,{17600},17600,17600
PG0320,Economy,true,{19400},19400,19400
PG0321,Business,false,{106800},106800,106800
PG0321,Economy,false,{35600},35600,35600
PG0321,Economy,true,{39200},39200,39200
PG0322,Business,false,{106800},106800,106800
PG0322,Economy,false,{35600},35600,35600
PG0322,Economy,true,{39200},39200,39200
PG0325,Business,false,{91700},91700,91700
PG0325,Economy,false,{30600},30600,30600
PG0325,Economy,true,{33600},33600,33600
PG0326,Business,false,{91700},91700,91700
PG0326,Economy,false,{30600},30600,30600
PG0326,Economy,true,{33600},33600,33600
PG0327,Business,false,{18500},18500,18500
PG0327,Economy,false,{6200},6200,6200
PG0327,Economy,true,{6800},6800,6800
PG0328,Business,false,{18500},18500,18500
PG0328,Economy,false,{6200},6200,6200
PG0328,Economy,true,{6800},6800,6800
PG0333,Economy,false,{19100},19100,19100
PG0333,Economy,true,{21000},21000,21000
PG0334,Economy,false,{19100},19100,19100
PG0334,Economy,true,{21000},21000,21000
PG0337,Economy,false,{10100},10100,10100
PG0337,Economy,true,{11100},11100,11100
PG0338,Economy,false,{10100},10100,10100
PG0338,Economy,true,{11100},11100,11100
PG0341,Economy,false,{7500},7500,7500
PG0341,Economy,true,{8300},8300,8300
PG0342,Economy,false,{7500},7500,7500
PG0342,Economy,true,{8300},8300,8300
PG0347,Business,false,{90500},90500,90500
PG0347,Economy,false,{30200},30200,30200
PG0347,Economy,true,{33200},33200,33200
PG0348,Business,false,{90500},90500,90500
PG0348,Economy,false,{30200},30200,30200
PG0348,Economy,true,{33200},33200,33200
PG0352,Economy,false,{4400},4400,4400
PG0354,Economy,false,{4400},4400,4400
PG0355,Business,false,{9800},9800,9800
PG0355,Economy,false,{3300},3300,3300
PG0355,Economy,true,{3600},3600,3600
PG0356,Business,false,{186200},186200,186200
PG0356,Economy,false,{62100},62100,62100
PG0356,Economy,true,{68300},68300,68300
PG0357,Business,false,{186200},186200,186200
PG0357,Economy,false,{62100},62100,62100
PG0357,Economy,true,{68300},68300,68300
PG0358,Economy,false,{5300},5300,5300
PG0358,Economy,true,{5900},5900,5900
PG0359,Economy,false,{5300},5300,5300
PG0359,Economy,true,{5900},5900,5900
PG0360,Economy,false,{17900},17900,17900
PG0360,Economy,true,{19700},19700,19700
PG0361,Economy,false,{17900},17900,17900
PG0361,Economy,true,{19700},19700,19700
PG0364,Business,false,{36400},36400,36400
PG0364,Economy,false,{12100},12100,12100
PG0364,Economy,true,{13400},13400,13400
PG0365,Business,false,{36400},36400,36400
PG0365,Economy,false,{12100},12100,12100
PG0365,Economy,true,{13400},13400,13400
PG0368,Economy,false,{23100},23100,23100
PG0368,Economy,true,{25400},25400,25400
PG0369,Economy,false,{23100},23100,23100
PG0369,Economy,true,{25400},25400,25400
PG0370,Economy,false,{17200},17200,17200
PG0370,Economy,true,{19000},19000,19000
PG0371,Economy,false,{17200},17200,17200
PG0371,Economy,true,{19000},19000,19000
PG0376,Economy,false,{15400},15400,15400
PG0376,Economy,true,{17000},17000,17000
PG0377,Economy,false,{15400},15400,15400
PG0377,Economy,true,{17000},17000,17000
PG0378,Business,false,{57200},57200,57200
PG0378,Economy,false,{19100},19100,19100
PG0378,Economy,true,{21000},21000,21000
PG0379,Business,false,{57200},57200,57200
PG0379,Economy,false,{19100},19100,19100
PG0379,Economy,true,{21000},21000,21000
PG0380,Economy,false,{17100},17100,17100
PG0380,Economy,true,{18800},18800,18800
PG0381,Economy,false,{17100},17100,17100
PG0381,Economy,true,{18800},18800,18800
PG0383,Business,false,{10300},10300,10300
PG0383,Economy,false,{3400},3400,3400
PG0383,Economy,true,{3800},3800,3800
PG0384,Business,false,{10300},10300,10300
PG0384,Economy,false,{3400},3400,3400
PG0384,Economy,true,{3800},3800,3800
PG0387,Business,false,{10300},10300,10300
PG0387,Economy,false,{3400},3400,3400
PG0387,Economy,true,{3800},3800,3800
PG0388,Economy,false,{3600},3600,3600
PG0388,Economy,true,{4000},4000,4000
PG0389,Economy,false,{3600},3600,3600
PG0389,Economy,true,{4000},4000,4000
PG0390,Economy,false,{19700},19700,19700
PG0390,Economy,true,{21600},21600,21600
PG0391,Economy,false,{19700},19700,19700
PG0391,Economy,true,{21600},21600,21600
PG0396,Business,false,{26900},26900,26900
PG0396,Economy,false,{9000},9000,9000
PG0396,Economy,true,{9900},9900,9900
PG0397,Business,false,{26900},26900,26900
PG0397,Economy,false,{9000},9000,9000
PG0397,Economy,true,{9900},9900,9900
PG0399,Economy,false,{5900},5900,5900
PG0401,Economy,false,{5900},5900,5900
PG0404,Business,false,{20000},20000,20000
PG0404,Economy,false,{6700},6700,6700
PG0404,Economy,true,{7300},7300,7300
PG0405,Business,false,{20000},20000,20000
PG0405,Economy,false,{6700},6700,6700
PG0405,Economy,true,{7300},7300,7300
PG0408,Business,false,{20000},20000,20000
PG0408,Economy,false,{6700},6700,6700
PG0408,Economy,true,{7300},7300,7300
PG0409,Business,false,{20000},20000,20000
PG0409,Economy,false,{6700},6700,6700
PG0409,Economy,true,{7300},7300,7300
PG0410,Economy,false,{6900},6900,6900
PG0411,Economy,false,{6900},6900,6900
PG0412,Business,false,{35000},35000,35000
PG0412,Comfort,false,{19900},19900,19900
PG0412,Economy,false,{11700},11700,11700
PG0412,Economy,true,{12800},12800,12800
PG0413,Business,false,{35000},35000,35000
PG0413,Comfort,false,{19900},19900,19900
PG0413,Economy,false,{11700},11700,11700
PG0413,Economy,true,{12800},12800,12800
PG0414,Economy,false,{14800},14800,14800
PG0414,Economy,true,{16300},16300,16300
PG0415,Economy,false,{14800},14800,14800
PG0415,Economy,true,{16300},16300,16300
PG0416,Economy,false,{4100},4100,4100
PG0416,Economy,true,{4500},4500,4500
PG0417,Economy,false,{4100},4100,4100
PG0417,Economy,true,{4500},4500,4500
PG0428,Economy,false,{25500},25500,25500
PG0428,Economy,true,{28100},28100,28100
PG0429,Economy,false,{25500},25500,25500
PG0429,Economy,true,{28100},28100,28100
PG0432,Business,false,{94000},94000,94000
PG0432,Economy,false,{31300},31300,31300
PG0432,Economy,true,{34500},34500,34500
PG0433,Business,false,{94000},94000,94000
PG0433,Economy,false,{31300},31300,31300
PG0438,Economy,false,{10400},10400,10400
PG0440,Economy,false,{10400},10400,10400
PG0442,Economy,false,{21200},21200,21200
PG0442,Economy,true,{23400},23400,23400
PG0443,Economy,false,{21200},21200,21200
PG0443,Economy,true,{23400},23400,23400
PG0446,Economy,false,{13400},13400,13400
PG0446,Economy,true,{14700},14700,14700
PG0447,Economy,false,{13400},13400,13400
PG0447,Economy,true,{14700},14700,14700
PG0448,Economy,false,{12200},12200,12200
PG0448,Economy,true,{13400},13400,13400
PG0449,Economy,false,{12200},12200,12200
PG0449,Economy,true,{13400},13400,13400
PG0452,Business,false,{87700},87700,87700
PG0452,Economy,false,{29200},29200,29200
PG0452,Economy,true,{32200},32200,32200
PG0453,Business,false,{87700},87700,87700
PG0453,Economy,false,{29200},29200,29200
PG0453,Economy,true,{32200},32200,32200
PG0454,Business,false,{12600},12600,12600
PG0454,Economy,false,{4200},4200,4200
PG0454,Economy,true,{4600},4600,4600
PG0455,Business,false,{12600},12600,12600
PG0455,Economy,false,{4200},4200,4200
PG0455,Economy,true,{4600},4600,4600
PG0456,Economy,false,{6800},6800,6800
PG0457,Economy,false,{6800},6800,6800
PG0458,Economy,false,{6800},6800,6800
PG0461,Business,false,{21400},21400,21400
PG0461,Economy,false,{7100},7100,7100
PG0461,Economy,true,{7800},7800,7800
PG0462,Business,false,{21400},21400,21400
PG0462,Economy,false,{7100},7100,7100
PG0462,Economy,true,{7800},7800,7800
PG0465,Economy,false,{3900},3900,3900
PG0466,Economy,false,{3900},3900,3900
PG0469,Business,false,{18000},18000,18000
PG0469,Economy,false,{6000},6000,6000
PG0469,Economy,true,{6600},6600,6600
PG0470,Business,false,{18000},18000,18000
PG0470,Economy,false,{6000},6000,6000
PG0470,Economy,true,{6600},6600,6600
PG0472,Business,false,{18000},18000,18000
PG0472,Economy,false,{6000},6000,6000
PG0472,Economy,true,{6600},6600,6600
PG0474,Business,false,{18000},18000,18000
PG0474,Economy,false,{6000},6000,6000
PG0474,Economy,true,{6600},6600,6600
PG0475,Business,false,{18000},18000,18000
PG0475,Economy,false,{6000},6000,6000
PG0475,Economy,true,{6600},6600,6600
PG0476,Business,false,{18000},18000,18000
PG0476,Economy,false,{6000},6000,6000
PG0476,Economy,true,{6600},6600,6600
PG0478,Economy,false,{14800},14800,14800
PG0478,Economy,true,{16200},16200,16200
PG0479,Economy,false,{14800},14800,14800
PG0479,Economy,true,{16200},16200,16200
PG0480,Business,false,{18900},18900,18900
PG0480,Economy,false,{6300},6300,6300
PG0480,Economy,true,{6900},6900,6900
PG0481,Business,false,{18900},18900,18900
PG0481,Economy,false,{6300},6300,6300
PG0481,Economy,true,{6900},6900,6900
PG0482,Business,false,{89600},89600,89600
PG0482,Economy,false,{29900},29900,29900
PG0482,Economy,true,{32800},32800,32800
PG0483,Business,false,{89600},89600,89600
PG0483,Economy,false,{29900},29900,29900
PG0483,Economy,true,{32800},32800,32800
PG0485,Business,false,{12700},12700,12700
PG0485,Economy,false,{4200},4200,4200
PG0485,Economy,true,{4700},4700,4700
PG0486,Business,false,{12700},12700,12700
PG0486,Economy,false,{4200},4200,4200
PG0486,Economy,true,{4700},4700,4700
PG0488,Business,false,{32600},32600,32600
PG0488,Economy,false,{10900},10900,10900
PG0488,Economy,true,{11900},11900,11900
PG0489,Business,false,{32600},32600,32600
PG0489,Economy,false,{10900},10900,10900
PG0489,Economy,true,{11900},11900,11900
PG0493,Economy,false,{11000},11000,11000
PG0494,Economy,false,{11000},11000,11000
PG0498,Business,false,{105900},105900,105900
PG0498,Economy,false,{35300},35300,35300
PG0498,Economy,true,{38800},38800,38800
PG0499,Business,false,{105900},105900,105900
PG0499,Economy,false,{35300},35300,35300
PG0499,Economy,true,{38800},38800,38800
PG0500,Business,false,{105400},105400,105400
PG0500,Economy,false,{35100},35100,35100
PG0501,Business,false,{117400},117400,117400
PG0501,Economy,false,{39100},39100,39100
PG0501,Economy,true,{43000},43000,43000
PG0502,Business,false,{117400},117400,117400
PG0502,Economy,false,{39100},39100,39100
PG0502,Economy,true,{43000},43000,43000
PG0503,Business,false,{67200},67200,67200
PG0503,Economy,false,{22400},22400,22400
PG0503,Economy,true,{24600},24600,24600
PG0504,Business,false,{67200},67200,67200
PG0504,Economy,false,{22400},22400,22400
PG0504,Economy,true,{24600},24600,24600
PG0505,Business,false,{32000},32000,32000
PG0505,Economy,false,{10700},10700,10700
PG0505,Economy,true,{11700},11700,11700
PG0506,Business,false,{32000},32000,32000
PG0506,Economy,false,{10700},10700,10700
PG0506,Economy,true,{11700},11700,11700
PG0507,Business,false,{36500},36500,36500
PG0507,Economy,false,{12200},12200,12200
PG0507,Economy,true,{13400},13400,13400
PG0508,Business,false,{36500},36500,36500
PG0508,Economy,false,{12200},12200,12200
PG0508,Economy,true,{13400},13400,13400
PG0509,Business,false,{33000},33000,33000
PG0509,Economy,false,{11000},11000,11000
PG0509,Economy,true,{12100},12100,12100
PG0510,Business,false,{33000},33000,33000
PG0510,Economy,false,{11000},11000,11000
PG0510,Economy,true,{12100},12100,12100
PG0511,Economy,false,{14100},14100,14100
PG0511,Economy,true,{15600},15600,15600
PG0512,Economy,false,{14100},14100,14100
PG0512,Economy,true,{15600},15600,15600
PG0513,Economy,false,{5800},5800,5800
PG0514,Economy,false,{5800},5800,5800
PG0515,Economy,false,{14000},14000,14000
PG0515,Economy,true,{15400},15400,15400
PG0516,Economy,false,{14000},14000,14000
PG0516,Economy,true,{15400},15400,15400
PG0517,Business,false,{30600},30600,30600
PG0517,Economy,false,{10200},10200,10200
PG0517,Economy,true,{11200},11200,11200
PG0518,Business,false,{30600},30600,30600
PG0518,Economy,false,{10200},10200,10200
PG0518,Economy,true,{11200},11200,11200
PG0519,Business,false,{101000},101000,101000
PG0519,Economy,false,{33700},33700,33700
PG0519,Economy,true,{37000},37000,37000
PG0520,Business,false,{101000},101000,101000
PG0520,Economy,false,{33700},33700,33700
PG0520,Economy,true,{37000},37000,37000
PG0521,Business,false,{40300},40300,40300
PG0521,Economy,false,{13400},13400,13400
PG0521,Economy,true,{14800},14800,14800
PG0522,Business,false,{40300},40300,40300
PG0522,Economy,false,{13400},13400,13400
PG0522,Economy,true,{14800},14800,14800
PG0523,Economy,false,{17600},17600,17600
PG0523,Economy,true,{19300},19300,19300
PG0524,Economy,false,{17600},17600,17600
PG0524,Economy,true,{19300},19300,19300
PG0529,Business,false,{35300},35300,35300
PG0529,Economy,false,{11800},11800,11800
PG0529,Economy,true,{12900},12900,12900
PG0530,Business,false,{35300},35300,35300
PG0530,Economy,false,{11800},11800,11800
PG0530,Economy,true,{12900},12900,12900
PG0535,Economy,false,{3300},3300,3300
PG0536,Economy,false,{3300},3300,3300
PG0538,Economy,false,{3300},3300,3300
PG0539,Business,false,{88300},88300,88300
PG0539,Economy,false,{29400},29400,29400
PG0539,Economy,true,{32400},32400,32400
PG0540,Business,false,{88300},88300,88300
PG0540,Economy,false,{29400},29400,29400
PG0540,Economy,true,{32400},32400,32400
PG0541,Business,false,{48700},48700,48700
PG0541,Economy,false,{16200},16200,16200
PG0541,Economy,true,{17900},17900,17900
PG0543,Business,false,{48700},48700,48700
PG0543,Economy,false,{16200},16200,16200
PG0543,Economy,true,{17900},17900,17900
PG0545,Business,false,{83800},83800,83800
PG0545,Economy,false,{27900},27900,27900
PG0545,Economy,true,{30700},30700,30700
PG0546,Business,false,{83800},83800,83800
PG0546,Economy,false,{27900},27900,27900
PG0546,Economy,true,{30700},30700,30700
PG0547,Business,false,{99800},99800,99800
PG0547,Economy,false,{33300},33300,33300
PG0547,Economy,true,{36600},36600,36600
PG0548,Business,false,{99800},99800,99800
PG0548,Economy,false,{33300},33300,33300
PG0548,Economy,true,{36600},36600,36600
PG0549,Economy,false,{15100},15100,15100
PG0549,Economy,true,{16600},16600,16600
PG0550,Economy,false,{15100},15100,15100
PG0550,Economy,true,{16600},16600,16600
PG0553,Business,false,{38000},38000,38000
PG0553,Economy,false,{12700},12700,12700
PG0553,Economy,true,{13900},13900,13900
PG0554,Business,false,{38000},38000,38000
PG0554,Economy,false,{12700},12700,12700
PG0554,Economy,true,{13900},13900,13900
PG0555,Economy,false,{12800},12800,12800
PG0555,Economy,true,{14000},14000,14000
PG0561,Business,false,{40900},40900,40900
PG0561,Economy,false,{13600},13600,13600
PG0561,Economy,true,{15000},15000,15000
PG0562,Business,false,{40900},40900,40900
PG0562,Economy,false,{13600},13600,13600
PG0562,Economy,true,{15000},15000,15000
PG0563,Economy,false,{9900},9900,9900
PG0565,Economy,false,{9900},9900,9900
PG0568,Economy,false,{8800},8800,8800
PG0568,Economy,true,{9700},9700,9700
PG0569,Business,false,{23600},23600,23600
PG0569,Economy,false,{7900},7900,7900
PG0569,Economy,true,{8600},8600,8600
PG0570,Business,false,{23600},23600,23600
PG0570,Economy,false,{7900},7900,7900
PG0570,Economy,true,{8600},8600,8600
PG0571,Business,false,{26600},26600,26600
PG0571,Economy,false,{8900},8900,8900
PG0571,Economy,true,{9800},9800,9800
PG0572,Business,false,{26600},26600,26600
PG0572,Economy,false,{8900},8900,8900
PG0572,Economy,true,{9800},9800,9800
PG0583,Economy,false,{5800},5800,5800
PG0585,Economy,false,{5800},5800,5800
PG0587,Business,false,{9500},9500,9500
PG0587,Economy,false,{3200},3200,3200
PG0587,Economy,true,{3500},3500,3500
PG0588,Business,false,{9500},9500,9500
PG0588,Economy,false,{3200},3200,3200
PG0588,Economy,true,{3500},3500,3500
PG0589,Business,false,{9500},9500,9500
PG0589,Economy,false,{3200},3200,3200
PG0589,Economy,true,{3500},3500,3500
PG0590,Economy,false,{3200},3200,3200
PG0591,Business,false,{86900},86900,86900
PG0591,Economy,false,{29000},29000,29000
PG0591,Economy,true,{31900},31900,31900
PG0592,Business,false,{86900},86900,86900
PG0592,Economy,false,{29000},29000,29000
PG0592,Economy,true,{31900},31900,31900
PG0593,Economy,false,{7700},7700,7700
PG0594,Economy,false,{7700},7700,7700
PG0595,Economy,false,{26400},26400,26400
PG0595,Economy,true,{29000},29000,29000
PG0596,Economy,false,{26400},26400,26400
PG0596,Economy,true,{29000},29000,29000
PG0597,Economy,false,{24600},24600,24600
PG0597,Economy,true,{27100},27100,27100
PG0598,Economy,false,{24600},24600,24600
PG0598,Economy,true,{27100},27100,27100
PG0599,Business,false,{20200},20200,20200
PG0599,Economy,false,{6700},6700,6700
PG0599,Economy,true,{7400},7400,7400
PG0600,Business,false,{20200},20200,20200
PG0600,Economy,false,{6700},6700,6700
PG0600,Economy,true,{7400},7400,7400
PG0605,Business,false,{20200},20200,20200
PG0605,Economy,false,{6700},6700,6700
PG0605,Economy,true,{7400},7400,7400
PG0606,Business,false,{20200},20200,20200
PG0606,Economy,false,{6700},6700,6700
PG0606,Economy,true,{7400},7400,7400
PG0607,Economy,false,{12400},12400,12400
PG0607,Economy,true,{13600},13600,13600
PG0608,Economy,false,{12400},12400,12400
PG0608,Economy,true,{13600},13600,13600
PG0609,Economy,false,{11300},11300,11300
PG0611,Economy,false,{11300},11300,11300
PG0615,Business,false,{89600},89600,89600
PG0615,Economy,false,{29900},29900,29900
PG0615,Economy,true,{32800},32800,32800
PG0616,Business,false,{89600},89600,89600
PG0616,Economy,false,{29900},29900,29900
PG0616,Economy,true,{32800},32800,32800
PG0618,Economy,false,{8400},8400,8400
PG0619,Economy,false,{8400},8400,8400
PG0621,Economy,false,{6600},6600,6600
PG0621,Economy,true,{7200},7200,7200
PG0622,Economy,false,{6600},6600,6600
PG0622,Economy,true,{7200},7200,7200
PG0629,Economy,false,{15700},15700,15700
PG0629,Economy,true,{17200},17200,17200
PG0630,Economy,false,{15700},15700,15700
PG0630,Economy,true,{17200},17200,17200
PG0631,Economy,false,{18100},18100,18100
PG0631,Economy,true,{19900},19900,19900
PG0632,Economy,false,{18100},18100,18100
PG0632,Economy,true,{19900},19900,19900
PG0633,Economy,false,{4400},4400,4400
PG0634,Economy,false,{4400},4400,4400
PG0637,Business,false,{23100},23100,23100
PG0637,Economy,false,{7700},7700,7700
PG0637,Economy,true,{8500},8500,8500
PG0638,Business,false,{23100},23100,23100
PG0638,Economy,false,{7700},7700,7700
PG0638,Economy,true,{8500},8500,8500
PG0639,Economy,false,{21700},21700,21700
PG0639,Economy,true,{23900},23900,23900
PG0640,Economy,false,{21700},21700,21700
PG0640,Economy,true,{23900},23900,23900
PG0641,Economy,false,{6900},6900,6900
PG0641,Economy,true,{7600},7600,7600
PG0642,Economy,false,{6900},6900,6900
PG0642,Economy,true,{7600},7600,7600
PG0643,Economy,false,{17300},17300,17300
PG0643,Economy,true,{19100},19100,19100
PG0644,Economy,false,{17300},17300,17300
PG0644,Economy,true,{19100},19100,19100
PG0645,Economy,false,{7000},7000,7000
PG0645,Economy,true,{7700},7700,7700
PG0646,Economy,false,{7000},7000,7000
PG0646,Economy,true,{7700},7700,7700
PG0647,Economy,false,{9800},9800,9800
PG0647,Economy,true,{10800},10800,10800
PG0648,Economy,false,{9800},9800,9800
PG0648,Economy,true,{10800},10800,10800
PG0649,Business,false,{9900},9900,9900
PG0649,Economy,false,{3300},3300,3300
PG0649,Economy,true,{3600},3600,3600
PG0650,Business,false,{9900},9900,9900
PG0650,Economy,false,{3300},3300,3300
PG0650,Economy,true,{3600},3600,3600
PG0651,Economy,false,{23800},23800,23800
PG0651,Economy,true,{26200},26200,26200
PG0652,Economy,false,{23800},23800,23800
PG0652,Economy,true,{26200},26200,26200
PG0655,Economy,false,{15600},15600,15600
PG0655,Economy,true,{17100},17100,17100
PG0656,Economy,false,{15600},15600,15600
PG0656,Economy,true,{17100},17100,17100
PG0657,Economy,false,{15700},15700,15700
PG0657,Economy,true,{17200},17200,17200
PG0658,Economy,false,{15700},15700,15700
PG0658,Economy,true,{17200},17200,17200
PG0659,Economy,false,{22800},22800,22800
PG0659,Economy,true,{25000},25000,25000
PG0660,Economy,false,{22800},22800,22800
PG0660,Economy,true,{25000},25000,25000
PG0661,Economy,false,{22300},22300,22300
PG0661,Economy,true,{24600},24600,24600
PG0662,Economy,false,{22300},22300,22300
PG0662,Economy,true,{24600},24600,24600
PG0663,Business,false,{89800},89800,89800
PG0663,Economy,false,{29900},29900,29900
PG0663,Economy,true,{32900},32900,32900
PG0664,Business,false,{89800},89800,89800
PG0664,Economy,false,{29900},29900,29900
PG0664,Economy,true,{32900},32900,32900
PG0667,Economy,false,{17400},17400,17400
PG0667,Economy,true,{19200},19200,19200
PG0668,Economy,false,{17400},17400,17400
PG0668,Economy,true,{19200},19200,19200
PG0669,Economy,false,{17600},17600,17600
PG0669,Economy,true,{19400},19400,19400
PG0670,Economy,false,{17600},17600,17600
PG0670,Economy,true,{19400},19400,19400
PG0671,Economy,false,{22600},22600,22600
PG0671,Economy,true,{24800},24800,24800
PG0672,Economy,false,{22600},22600,22600
PG0672,Economy,true,{24800},24800,24800
PG0673,Economy,false,{16800},16800,16800
PG0673,Economy,true,{18500},18500,18500
PG0674,Economy,false,{16800},16800,16800
PG0674,Economy,true,{18500},18500,18500
PG0675,Economy,false,{4400},4400,4400
PG0675,Economy,true,{4900},4900,4900
PG0676,Economy,false,{4400},4400,4400
PG0676,Economy,true,{4900},4900,4900
PG0677,Business,false,{49100},49100,49100
PG0677,Economy,false,{16400},16400,16400
PG0677,Economy,true,{18000},18000,18000
PG0678,Business,false,{49100},49100,49100
PG0678,Economy,false,{16400},16400,16400
PG0678,Economy,true,{18000},18000,18000
PG0679,Economy,false,{15000},15000,15000
PG0679,Economy,true,{16500},16500,16500
PG0680,Economy,false,{15000},15000,15000
PG0680,Economy,true,{16500},16500,16500
PG0683,Business,false,{18900},18900,18900
PG0683,Economy,false,{6300},6300,6300
PG0683,Economy,true,{6900},6900,6900
PG0684,Business,false,{18900},18900,18900
PG0684,Economy,false,{6300},6300,6300
PG0684,Economy,true,{6900},6900,6900
PG0687,Economy,false,{14900},14900,14900
PG0687,Economy,true,{16400},16400,16400
PG0688,Economy,false,{14900},14900,14900
PG0688,Economy,true,{16400},16400,16400
PG0689,Business,false,{52300},52300,52300
PG0689,Economy,false,{17400},17400,17400
PG0689,Economy,true,{19200},19200,19200
PG0690,Business,false,{52300},52300,52300
PG0690,Economy,false,{17400},17400,17400
PG0690,Economy,true,{19200},19200,19200
PG0695,Business,false,{85200},85200,85200
PG0695,Economy,false,{28400},28400,28400
PG0695,Economy,true,{31200},31200,31200
PG0696,Business,false,{85200},85200,85200
PG0696,Economy,false,{28400},28400,28400
PG0696,Economy,true,{31200},31200,31200
PG0697,Business,false,{22900},22900,22900
PG0697,Economy,false,{7600},7600,7600
PG0697,Economy,true,{8400},8400,8400
PG0698,Business,false,{22900},22900,22900
PG0698,Economy,false,{7600},7600,7600
PG0698,Economy,true,{8400},8400,8400
PG0699,Economy,false,{8100},8100,8100
PG0699,Economy,true,{8900},8900,8900
PG0700,Economy,false,{8100},8100,8100
PG0700,Economy,true,{8900},8900,8900
PG0703,Business,false,{199300},199300,199300
PG0703,Economy,false,{66400},66400,66400
PG0703,Economy,true,{73100},73100,73100
PG0704,Business,false,{199300},199300,199300
PG0704,Economy,false,{66400},66400,66400
PG0704,Economy,true,{73100},73100,73100
PG0705,Business,false,{146400},146400,146400
PG0705,Economy,false,{48800},48800,48800
PG0705,Economy,true,{53700},53700,53700
PG0706,Business,false,{146400},146400,146400
PG0706,Economy,false,{48800},48800,48800
PG0706,Economy,true,{53700},53700,53700
PG0707,Business,false,{15700},15700,15700
PG0707,Economy,false,{5200},5200,5200
PG0707,Economy,true,{5700},5700,5700
PG0708,Business,false,{15700},15700,15700
PG0708,Economy,false,{5200},5200,5200
PG0708,Economy,true,{5700},5700,5700
PG0709,Business,false,{150400},150400,150400
PG0709,Economy,false,{50100},50100,50100
PG0709,Economy,true,{55200},55200,55200
PG0710,Business,false,{150400},150400,150400
PG0710,Economy,false,{50100},50100,50100
PG0710,Economy,true,{55200},55200,55200
